[
    {
        "name": "Мосузел-00001"
    },
    {
        "name": "Санкт-Петербургский Узел-00002"
    },
    {
        "name": "Мосузел *-00005"
    },
    {
        "name": "Санкт-Петербургский Узел*-00006"
    },
    {
        "name": "Кяна фикт.-00012"
    },
    {
        "name": "Чугун II фикт.-00058"
    },
    {
        "name": "Туркменский узел-00075"
    },
    {
        "name": "Челяб.5....ф-00085"
    },
    {
        "name": "Петрозаводск-01000"
    },
    {
        "name": "Голиковка-01021"
    },
    {
        "name": "Томицы-01030"
    },
    {
        "name": "Шуйская-01040"
    },
    {
        "name": "Суна-01050"
    },
    {
        "name": "Заделье-01060"
    },
    {
        "name": "Кондопога-01070"
    },
    {
        "name": "Кедрозеро-01080"
    },
    {
        "name": "Нигозеро-01090"
    },
    {
        "name": "Кяппесельга-01100"
    },
    {
        "name": "Пергуба-01110"
    },
    {
        "name": "Предмедгорский-01111"
    },
    {
        "name": "Медвежья Гора-01130"
    },
    {
        "name": "Вичка-01140"
    },
    {
        "name": "Новый Поселок-01150"
    },
    {
        "name": "Раменцы-01152"
    },
    {
        "name": "Сумеричи-01153"
    },
    {
        "name": "Масельская-01154"
    },
    {
        "name": "Уросозеро-01174"
    },
    {
        "name": "Сегежа-01180"
    },
    {
        "name": "Надвоицы-01190"
    },
    {
        "name": "Кочкома-01200"
    },
    {
        "name": "Идель-01210"
    },
    {
        "name": "Летний-01220"
    },
    {
        "name": "Сосновец-01230"
    },
    {
        "name": "Маленьга-01239"
    },
    {
        "name": "Нюхча-01254"
    },
    {
        "name": "Ухтица-01263"
    },
    {
        "name": "Сумский Посад-01270"
    },
    {
        "name": "Вирма-01271"
    },
    {
        "name": "Выг-01274"
    },
    {
        "name": "Медвежья Гора (перев.)-01280"
    },
    {
        "name": "Беломорск-01300"
    },
    {
        "name": "Шуерецкая-01312"
    },
    {
        "name": "Кемь-01320"
    },
    {
        "name": "Поньгома-01323"
    },
    {
        "name": "Кемь-Пристань-01325"
    },
    {
        "name": "Беломорск (перев.)-01330"
    },
    {
        "name": "Кузема-01350"
    },
    {
        "name": "Сиг-01352"
    },
    {
        "name": "Энгозеро-01360"
    },
    {
        "name": "Амбарный-01370"
    },
    {
        "name": "Боярская-01371"
    },
    {
        "name": "Лоухи-01380"
    },
    {
        "name": "Еловая-01390"
    },
    {
        "name": "Пяозеро-01410"
    },
    {
        "name": "Чупа-01430"
    },
    {
        "name": "Полярный Круг-01433"
    },
    {
        "name": "Пояконда-01435"
    },
    {
        "name": "Лесной-01436"
    },
    {
        "name": "Ковда-01437"
    },
    {
        "name": "Княжая-01440"
    },
    {
        "name": "Ручьи-Карельские-01445"
    },
    {
        "name": "Ням-Озеро-01461"
    },
    {
        "name": "Алакуртти-01470"
    },
    {
        "name": "Белое Море-01480"
    },
    {
        "name": "Белое Море (эксп.)-01450"
    },
    {
        "name": "Кандалакша-01490"
    },
    {
        "name": "Кандалакша (перев.)-01500"
    },
    {
        "name": "Пинозеро-01510"
    },
    {
        "name": "Уполокша-01513"
    },
    {
        "name": "Колюжный-01515"
    },
    {
        "name": "Ена-01520"
    },
    {
        "name": "Куропта-01532"
    },
    {
        "name": "Ковдор-01540"
    },
    {
        "name": "Полярные Зори-01550"
    },
    {
        "name": "Африканда-01560"
    },
    {
        "name": "Хабозеро-01561"
    },
    {
        "name": "Апатиты I-01563"
    },
    {
        "name": "Кандалакша (эксп.)-01570"
    },
    {
        "name": "Титан-01580"
    },
    {
        "name": "Апатиты-01600"
    },
    {
        "name": "Порхов-05770"
    },
    {
        "name": "Леменка-05793"
    },
    {
        "name": "Сольцы-05800"
    },
    {
        "name": "Уторгош-05810"
    },
    {
        "name": "Передольская-05812"
    },
    {
        "name": "Батецкая-05830"
    },
    {
        "name": "Оредеж-05850"
    },
    {
        "name": "Тарковичи-05860"
    },
    {
        "name": "Чолово-05871"
    },
    {
        "name": "Чаща-05880"
    },
    {
        "name": "Новинка-05890"
    },
    {
        "name": "Вырица-05900"
    },
    {
        "name": "Семрино-05910"
    },
    {
        "name": "Поселок-05920"
    },
    {
        "name": "Ховрино-06000"
    },
    {
        "name": "Москва-Пассажирская-06007"
    },
    {
        "name": "Москва-Товарная-06023"
    },
    {
        "name": "Химки-06030"
    },
    {
        "name": "Крюково-06043"
    },
    {
        "name": "Сходня-06044"
    },
    {
        "name": "Поварово I-06070"
    },
    {
        "name": "Подсолнечная-06080"
    },
    {
        "name": "Клин-06090"
    },
    {
        "name": "Решетниково-06110"
    },
    {
        "name": "Конаково ГРЭС-06120"
    },
    {
        "name": "Завидово-06130"
    },
    {
        "name": "Редкино-06140"
    },
    {
        "name": "Тверь-06150"
    },
    {
        "name": "Кулицкая-06164"
    },
    {
        "name": "Дорошиха-06165"
    },
    {
        "name": "Доронинская-06170"
    },
    {
        "name": "Васильевский Мох-06180"
    },
    {
        "name": "Крючково-06202"
    },
    {
        "name": "Лихославль-06210"
    },
    {
        "name": "Калашниково-06230"
    },
    {
        "name": "Спирово-06240"
    },
    {
        "name": "Осеченка-06250"
    },
    {
        "name": "Елизаровка-06252"
    },
    {
        "name": "Вышний Волочек-06270"
    },
    {
        "name": "Академическая-06290"
    },
    {
        "name": "Ржев-Балтийский-06300"
    },
    {
        "name": "Ржев-Белорусский-06310"
    },
    {
        "name": "Княжьи Горы-06331"
    },
    {
        "name": "Погорелое Городище-06344"
    },
    {
        "name": "Зубцов-06350"
    },
    {
        "name": "Осуга-06361"
    },
    {
        "name": "Старица-06370"
    },
    {
        "name": "Высокое-06382"
    },
    {
        "name": "Пожитово-06392"
    },
    {
        "name": "Льняная-06402"
    },
    {
        "name": "Торжок-06410"
    },
    {
        "name": "Терешкино-06422"
    },
    {
        "name": "Мончалово-06430"
    },
    {
        "name": "Чертолино-06443"
    },
    {
        "name": "Оленино-06450"
    },
    {
        "name": "Мостовая-06460"
    },
    {
        "name": "Нелидово-06470"
    },
    {
        "name": "Земцы-06482"
    },
    {
        "name": "Жарковский-06500"
    },
    {
        "name": "Кащенки-06513"
    },
    {
        "name": "Гарнея-06521"
    },
    {
        "name": "Западная Двина-06530"
    },
    {
        "name": "Старая Торопа-06540"
    },
    {
        "name": "Русаново-06551"
    },
    {
        "name": "Жижица-06561"
    },
    {
        "name": "Артемово-06573"
    },
    {
        "name": "Кунья-06580"
    },
    {
        "name": "Посинь (эксп.)-06590"
    },
    {
        "name": "Великие Луки-06600"
    },
    {
        "name": "Великополье-06604"
    },
    {
        "name": "Себеж-06610"
    },
    {
        "name": "Посинь-06612"
    },
    {
        "name": "Заваруйка-06620"
    },
    {
        "name": "Идрица-06630"
    },
    {
        "name": "Пустошка-06640"
    },
    {
        "name": "Маево-06653"
    },
    {
        "name": "Новосокольники-06660"
    },
    {
        "name": "Насва-06663"
    },
    {
        "name": "Воробецкая-06673"
    },
    {
        "name": "Клястица-06683"
    },
    {
        "name": "Новохованск-06685"
    },
    {
        "name": "Хибины-01612"
    },
    {
        "name": "Нефелиновые Пески-01613"
    },
    {
        "name": "Имандра-01614"
    },
    {
        "name": "Куна-01623"
    },
    {
        "name": "Оленегорск-01630"
    },
    {
        "name": "Мончегорск-01640"
    },
    {
        "name": "Лапландия-01660"
    },
    {
        "name": "Пулозеро-01662"
    },
    {
        "name": "Тайбола-01671"
    },
    {
        "name": "Кица-01674"
    },
    {
        "name": "Лопарская-01675"
    },
    {
        "name": "Выходной-01680"
    },
    {
        "name": "Магнетиты-01683"
    },
    {
        "name": "Шонгуй-01695"
    },
    {
        "name": "Кола-01700"
    },
    {
        "name": "Мурмаши-01710"
    },
    {
        "name": "Кола (эксп.)-01720"
    },
    {
        "name": "Пяйве-01730"
    },
    {
        "name": "Моккет-01744"
    },
    {
        "name": "Титовка-01745"
    },
    {
        "name": "Нял-01748"
    },
    {
        "name": "Луостари-01790"
    },
    {
        "name": "Семужная-01791"
    },
    {
        "name": "Печенга-01800"
    },
    {
        "name": "Заполярная-01810"
    },
    {
        "name": "Никель-Мурманский-01820"
    },
    {
        "name": "Мурманск (перев.)-01830"
    },
    {
        "name": "Мурманск-01840"
    },
    {
        "name": "Мурманск (эксп.)-01850"
    },
    {
        "name": "Комсомольск-Мурманский-01860"
    },
    {
        "name": "Сафоново-Мурманское-01881"
    },
    {
        "name": "Ваенга-01900"
    },
    {
        "name": "Выборг-02000"
    },
    {
        "name": "Выборг (эксп.)-02010"
    },
    {
        "name": "Ермилово-02020"
    },
    {
        "name": "Приморск-02030"
    },
    {
        "name": "Прибылово-02040"
    },
    {
        "name": "Советский-02050"
    },
    {
        "name": "Попово-02051"
    },
    {
        "name": "Высоцк-02060"
    },
    {
        "name": "Высоцк (эксп.)-02070"
    },
    {
        "name": "Кирилловское-02080"
    },
    {
        "name": "Гаврилово-02090"
    },
    {
        "name": "Таммисуо-02100"
    },
    {
        "name": "Житково-02101"
    },
    {
        "name": "Клястица (эксп.)-06690"
    },
    {
        "name": "Невель I-06700"
    },
    {
        "name": "Невель II-06710"
    },
    {
        "name": "Завережье-06711"
    },
    {
        "name": "Разъезд 451 км-06720"
    },
    {
        "name": "Опухлики-06730"
    },
    {
        "name": "Завережье (эксп.)-06740"
    },
    {
        "name": "Назимово-06766"
    },
    {
        "name": "Торопец-06770"
    },
    {
        "name": "Мартисово-06784"
    },
    {
        "name": "Андреаполь-06790"
    },
    {
        "name": "Охват-06801"
    },
    {
        "name": "Соблаго-06810"
    },
    {
        "name": "Жукопа-06811"
    },
    {
        "name": "Шуваево-06832"
    },
    {
        "name": "Скакулино-06841"
    },
    {
        "name": "Селижарово-06850"
    },
    {
        "name": "Брылево-06862"
    },
    {
        "name": "Ранцево-06870"
    },
    {
        "name": "Кувшиново-06880"
    },
    {
        "name": "Щербово-06893"
    },
    {
        "name": "Торжок-Южный-06900"
    },
    {
        "name": "Пено-06910"
    },
    {
        "name": "Сигово-06912"
    },
    {
        "name": "Осташков-06920"
    },
    {
        "name": "Фирово-06930"
    },
    {
        "name": "Баталино-06940"
    },
    {
        "name": "Шлина-06951"
    },
    {
        "name": "Куженкино-06960"
    },
    {
        "name": "Березки-07000"
    },
    {
        "name": "Карамышево-07005"
    },
    {
        "name": "Остров-07020"
    },
    {
        "name": "Черская-07030"
    },
    {
        "name": "Череха-07040"
    },
    {
        "name": "Псков-Товарный-07050"
    },
    {
        "name": "Псков-Пассажирский-07060"
    },
    {
        "name": "Печоры-Псковские-07070"
    },
    {
        "name": "Ливамяэ-07072"
    },
    {
        "name": "Новоизборск-07080"
    },
    {
        "name": "Моглино-07090"
    },
    {
        "name": "Полковая-07100"
    },
    {
        "name": "Торошино-07110"
    },
    {
        "name": "Новоселье-07120"
    },
    {
        "name": "Лапино-07130"
    },
    {
        "name": "Владимирский Лагерь-07140"
    },
    {
        "name": "Струги Красные-07150"
    },
    {
        "name": "Плюсса-07160"
    },
    {
        "name": "Лямцево-07171"
    },
    {
        "name": "Серебрянка-07180"
    },
    {
        "name": "Луга I-07200"
    },
    {
        "name": "Толмачево-07210"
    },
    {
        "name": "Мшинская-07220"
    },
    {
        "name": "Дивенская-07230"
    },
    {
        "name": "Строганово-07240"
    },
    {
        "name": "Сиверская-07250"
    },
    {
        "name": "Прибытково-07252"
    },
    {
        "name": "Суйда-07253"
    },
    {
        "name": "Гдов-07290"
    },
    {
        "name": "Сланцы-07300"
    },
    {
        "name": "Рудничная-07310"
    },
    {
        "name": "Вервенка-07325"
    },
    {
        "name": "Ивангород-Нарвский-07330"
    },
    {
        "name": "Сала-07340"
    },
    {
        "name": "Кингисепп-07350"
    },
    {
        "name": "Веймарн-07360"
    },
    {
        "name": "Молосковицы-07370"
    },
    {
        "name": "Вруда-07381"
    },
    {
        "name": "Волосово-07400"
    },
    {
        "name": "Кикерино-07410"
    },
    {
        "name": "Елизаветино-07420"
    },
    {
        "name": "Войсковицы-07430"
    },
    {
        "name": "Косколово-07451"
    },
    {
        "name": "Котлы-07460"
    },
    {
        "name": "Копорье-07470"
    },
    {
        "name": "Калище-07480"
    },
    {
        "name": "Краснофлотск-07490"
    },
    {
        "name": "Лебяжье-07500"
    },
    {
        "name": "Большая Ижора-07520"
    },
    {
        "name": "Бронка-07530"
    },
    {
        "name": "Ораниенбаум-07540"
    },
    {
        "name": "Старый Петергоф-07550"
    },
    {
        "name": "Стрельна-07560"
    },
    {
        "name": "Бронка (эксп.)-07570"
    },
    {
        "name": "Ораниенбаум (эксп.)-07580"
    },
    {
        "name": "Ивангород-Нарвский (эксп.)-07600"
    },
    {
        "name": "Котлы (эксп.)-07620"
    },
    {
        "name": "Лужская-07630"
    },
    {
        "name": "Лужская (эксп.)-07640"
    },
    {
        "name": "Лужская (перев.)-07650"
    },
    {
        "name": "Лужская (паром на Балтийск)-07660"
    },
    {
        "name": "Лужская (паром,эксп.на Балтийск)-07670"
    },
    {
        "name": "Лужская (паром,эксп.)-07680"
    },
    {
        "name": "Печоры-Псковские (эксп.)-07720"
    },
    {
        "name": "Пыталово-07790"
    },
    {
        "name": "Пундури-07791"
    },
    {
        "name": "Скангали-07792"
    },
    {
        "name": "Пурвмала-07793"
    },
    {
        "name": "Пурвмала (эксп.)-07810"
    },
    {
        "name": "Скангали (эксп.)-07850"
    },
    {
        "name": "Тапа-08000"
    },
    {
        "name": "Кейла (эксп.)-08050"
    },
    {
        "name": "Рийзипере-08060"
    },
    {
        "name": "Вазалемма-08070"
    },
    {
        "name": "Кейла-08080"
    },
    {
        "name": "Палдиски (эксп.)-08090"
    },
    {
        "name": "Клоога-08105"
    },
    {
        "name": "Палдиски-08110"
    },
    {
        "name": "Нымме-08124"
    },
    {
        "name": "Ярве-08133"
    },
    {
        "name": "Таллинн-08140"
    },
    {
        "name": "Юлемисте (эксп.через порт Кесклинна)-08150"
    },
    {
        "name": "Маарду (эксп.через порт Мийдуранна)-08170"
    },
    {
        "name": "Мууга-08180"
    },
    {
        "name": "Мууга (эксп.)-08190"
    },
    {
        "name": "Юлемисте-08200"
    },
    {
        "name": "Маарду-08210"
    },
    {
        "name": "Маарду (эксп.через порт Мууга)-08220"
    },
    {
        "name": "Лагеди-08230"
    },
    {
        "name": "Раазику-08242"
    },
    {
        "name": "Кехра-08250"
    },
    {
        "name": "Аэгвийду-08260"
    },
    {
        "name": "Лехтсе-08264"
    },
    {
        "name": "Раквере (эксп.)-08270"
    },
    {
        "name": "Раквере-08290"
    },
    {
        "name": "Кадрина-08293"
    },
    {
        "name": "Сонда-08294"
    },
    {
        "name": "Кивиыли-08310"
    },
    {
        "name": "Пюсси-08320"
    },
    {
        "name": "Кохтла-08330"
    },
    {
        "name": "Йыхви-08340"
    },
    {
        "name": "Ору-08342"
    },
    {
        "name": "Вайвара (эксп.)-08350"
    },
    {
        "name": "Вайвара-08360"
    },
    {
        "name": "Аувере-08371"
    },
    {
        "name": "Солдина-08380"
    },
    {
        "name": "Нарва (эксп.)-08390"
    },
    {
        "name": "Нарва-08400"
    },
    {
        "name": "Тамсалу-08410"
    },
    {
        "name": "Кильтси-08411"
    },
    {
        "name": "Ракке-08430"
    },
    {
        "name": "Йыгева-08440"
    },
    {
        "name": "Табивере-08450"
    },
    {
        "name": "Кяркна-08460"
    },
    {
        "name": "Тарту-08480"
    },
    {
        "name": "Реола-08490"
    },
    {
        "name": "Пылва-08500"
    },
    {
        "name": "Вериора-08510"
    },
    {
        "name": "Орава-08512"
    },
    {
        "name": "Койдула (эксп.)-08530"
    },
    {
        "name": "Пиуза-08540"
    },
    {
        "name": "Выру-08550"
    },
    {
        "name": "Антсла-08560"
    },
    {
        "name": "Элва-08570"
    },
    {
        "name": "Пука-08583"
    },
    {
        "name": "Палупера-08584"
    },
    {
        "name": "Кеэни-08593"
    },
    {
        "name": "Сангасте-08610"
    },
    {
        "name": "Валга-08620"
    },
    {
        "name": "Валга (эксп.)-08630"
    },
    {
        "name": "Койдула-08700"
    },
    {
        "name": "Лийва-08830"
    },
    {
        "name": "Кохила-08840"
    },
    {
        "name": "Рапла-08850"
    },
    {
        "name": "Лелле-08852"
    },
    {
        "name": "Тамсалу (эксп.)-08860"
    },
    {
        "name": "Тюри-08870"
    },
    {
        "name": "Выхма-08880"
    },
    {
        "name": "Вильянди-08890"
    },
    {
        "name": "Тоотси-08900"
    },
    {
        "name": "Пярну-08910"
    },
    {
        "name": "Пярну Рейзияам-08911"
    },
    {
        "name": "Шкиротава-09000"
    },
    {
        "name": "Яняварти-09006"
    },
    {
        "name": "Рига-Пасажиеру-09010"
    },
    {
        "name": "Валка (рзд)-09020"
    },
    {
        "name": "Вагону Паркс-09030"
    },
    {
        "name": "Браса-09041"
    },
    {
        "name": "Рига-Краста-09050"
    },
    {
        "name": "Рига-Краста (эксп.)-09060"
    },
    {
        "name": "Скулте-09070"
    },
    {
        "name": "Скулте (эксп.)-09080"
    },
    {
        "name": "Торнякалнс-09100"
    },
    {
        "name": "Баложи-09110"
    },
    {
        "name": "Мейтене (эксп.)-09140"
    },
    {
        "name": "Олайне-09150"
    },
    {
        "name": "Цена-09160"
    },
    {
        "name": "Мейтене-09170"
    },
    {
        "name": "Елгава-09180"
    },
    {
        "name": "Платоне-09186"
    },
    {
        "name": "Даугава-09190"
    },
    {
        "name": "Сеце-09193"
    },
    {
        "name": "Даудзева-09200"
    },
    {
        "name": "Тауркалне-09210"
    },
    {
        "name": "Вецумниеки-09220"
    },
    {
        "name": "Миса-09230"
    },
    {
        "name": "Иецава-09240"
    }
]
